{
  "best_global_step": null,
  "best_metric": null,
  "best_model_checkpoint": null,
  "epoch": 1.0,
  "eval_steps": 500,
  "global_step": 1188,
  "is_hyper_param_search": false,
  "is_local_process_zero": true,
  "is_world_process_zero": true,
  "log_history": [
    {
      "entropy": 1.6775292086601257,
      "epoch": 0.08421052631578947,
      "grad_norm": 10.045564651489258,
      "learning_rate": 4.159663865546219e-05,
      "logits/chosen": -1.6305022012878978,
      "logits/rejected": -1.6315418323131485,
      "logps/chosen": -251.51145153045655,
      "logps/rejected": -275.2857587623596,
      "loss": 0.659905776977539,
      "mean_token_accuracy": 0.5216031095385552,
      "num_tokens": 123930.0,
      "rewards/accuracies": 0.6375,
      "rewards/chosen": -0.16494286432862282,
      "rewards/margins": 0.09043322115903721,
      "rewards/rejected": -0.2553760854480788,
      "step": 100
    },
    {
      "entropy": 1.3529295328259467,
      "epoch": 0.16842105263157894,
      "grad_norm": 15.689958572387695,
      "learning_rate": 4.9312246275119253e-05,
      "logits/chosen": -2.40487650094489,
      "logits/rejected": -2.426135206218785,
      "logps/chosen": -242.99576955795288,
      "logps/rejected": -277.67684211730955,
      "loss": 0.6061948013305664,
      "mean_token_accuracy": 0.511237777620554,
      "num_tokens": 237040.0,
      "rewards/accuracies": 0.6975,
      "rewards/chosen": -2.069736203085631,
      "rewards/margins": 0.6245231872051954,
      "rewards/rejected": -2.694259377270937,
      "step": 200
    },
    {
      "entropy": 1.3705348268151283,
      "epoch": 0.25263157894736843,
      "grad_norm": 10.228056907653809,
      "learning_rate": 4.658297334530239e-05,
      "logits/chosen": -2.401602419686134,
      "logits/rejected": -2.405274261287872,
      "logps/chosen": -255.63505550384522,
      "logps/rejected": -276.87916774749755,
      "loss": 0.5763225555419922,
      "mean_token_accuracy": 0.5035176132619381,
      "num_tokens": 350204.0,
      "rewards/accuracies": 0.7,
      "rewards/chosen": -2.8954885828495027,
      "rewards/margins": 0.5801503743976355,
      "rewards/rejected": -3.4756389504671095,
      "step": 300
    },
    {
      "entropy": 1.2956438595056534,
      "epoch": 0.3368421052631579,
      "grad_norm": 15.788172721862793,
      "learning_rate": 4.200303607917203e-05,
      "logits/chosen": -2.74192744416576,
      "logits/rejected": -2.7543369157255277,
      "logps/chosen": -279.1583728981018,
      "logps/rejected": -317.4391347885132,
      "loss": 0.5342383193969726,
      "mean_token_accuracy": 0.4919085593521595,
      "num_tokens": 469789.0,
      "rewards/accuracies": 0.7225,
      "rewards/chosen": -4.161178117096424,
      "rewards/margins": 0.8032478675991297,
      "rewards/rejected": -4.96442597925663,
      "step": 400
    },
    {
      "entropy": 1.1635527542233468,
      "epoch": 0.42105263157894735,
      "grad_norm": 27.69969367980957,
      "learning_rate": 3.596514804892122e-05,
      "logits/chosen": -3.116209309951559,
      "logits/rejected": -3.1255115410275978,
      "logps/chosen": -291.0318560028076,
      "logps/rejected": -332.40201206207274,
      "loss": 0.5435597229003907,
      "mean_token_accuracy": 0.49032442033290863,
      "num_tokens": 585106.0,
      "rewards/accuracies": 0.74,
      "rewards/chosen": -6.139825814366341,
      "rewards/margins": 1.126714494675398,
      "rewards/rejected": -7.26654029250145,
      "step": 500
    },
    {
      "epoch": 0.42105263157894735,
      "eval_entropy": 1.2115469054570274,
      "eval_logits/chosen": -3.0364190385456755,
      "eval_logits/rejected": -3.042948574319784,
      "eval_logps/chosen": -324.33902546716115,
      "eval_logps/rejected": -346.4493686736576,
      "eval_loss": 0.7638885378837585,
      "eval_mean_token_accuracy": 0.46525844742381384,
      "eval_num_tokens": 585106.0,
      "eval_rewards/accuracies": 0.5793650793650794,
      "eval_rewards/chosen": -7.416212778242808,
      "eval_rewards/margins": 0.3654131260183122,
      "eval_rewards/rejected": -7.781625917979649,
      "eval_runtime": 13.0649,
      "eval_samples_per_second": 19.135,
      "eval_steps_per_second": 4.822,
      "step": 500
    },
    {
      "entropy": 1.2456245237588883,
      "epoch": 0.5052631578947369,
      "grad_norm": 8.356781959533691,
      "learning_rate": 2.8987036996018484e-05,
      "logits/chosen": -2.926970835064942,
      "logits/rejected": -2.9194193778612587,
      "logps/chosen": -299.2168473243713,
      "logps/rejected": -332.45398708343504,
      "loss": 0.5517509841918945,
      "mean_token_accuracy": 0.4967331020534039,
      "num_tokens": 708008.0,
      "rewards/accuracies": 0.7175,
      "rewards/chosen": -5.638927944302559,
      "rewards/margins": 0.8266287642717361,
      "rewards/rejected": -6.465556719303131,
      "step": 600
    },
    {
      "entropy": 1.1827130287885665,
      "epoch": 0.5894736842105263,
      "grad_norm": 35.32832336425781,
      "learning_rate": 2.166705149152636e-05,
      "logits/chosen": -2.955590220246408,
      "logits/rejected": -2.950286845005564,
      "logps/chosen": -293.24029737472534,
      "logps/rejected": -322.4115998649597,
      "loss": 0.5218607330322266,
      "mean_token_accuracy": 0.5037893345952034,
      "num_tokens": 827676.0,
      "rewards/accuracies": 0.7225,
      "rewards/chosen": -5.535750220715999,
      "rewards/margins": 1.042221601754427,
      "rewards/rejected": -6.577971814274788,
      "step": 700
    },
    {
      "entropy": 1.1946317756175995,
      "epoch": 0.6736842105263158,
      "grad_norm": 15.720972061157227,
      "learning_rate": 1.4632854642782337e-05,
      "logits/chosen": -2.9123015936910366,
      "logits/rejected": -2.9003508822740742,
      "logps/chosen": -274.9426998329163,
      "logps/rejected": -311.2270237541199,
      "loss": 0.5026656341552734,
      "mean_token_accuracy": 0.5047319024801254,
      "num_tokens": 942188.0,
      "rewards/accuracies": 0.7475,
      "rewards/chosen": -5.214589012265205,
      "rewards/margins": 1.1067997987568379,
      "rewards/rejected": -6.321388828158379,
      "step": 800
    },
    {
      "entropy": 1.1645108246803284,
      "epoch": 0.7578947368421053,
      "grad_norm": 11.904515266418457,
      "learning_rate": 8.487604181314322e-06,
      "logits/chosen": -2.9905232250082276,
      "logits/rejected": -2.9883407870396654,
      "logps/chosen": -307.7278860282898,
      "logps/rejected": -341.0405665206909,
      "loss": 0.5565430450439454,
      "mean_token_accuracy": 0.4976878482103348,
      "num_tokens": 1064336.0,
      "rewards/accuracies": 0.71,
      "rewards/chosen": -6.324552568495274,
      "rewards/margins": 1.0464499993622303,
      "rewards/rejected": -7.371002577543258,
      "step": 900
    },
    {
      "entropy": 1.185723873078823,
      "epoch": 0.8421052631578947,
      "grad_norm": 20.019376754760742,
      "learning_rate": 3.7582338008632618e-06,
      "logits/chosen": -3.0096562933807904,
      "logits/rejected": -2.9749759150800488,
      "logps/chosen": -277.6901490020752,
      "logps/rejected": -321.5111275291443,
      "loss": 0.4874123001098633,
      "mean_token_accuracy": 0.4977661021053791,
      "num_tokens": 1179065.0,
      "rewards/accuracies": 0.76,
      "rewards/chosen": -5.57612840116024,
      "rewards/margins": 1.1245566544681787,
      "rewards/rejected": -6.700685023665428,
      "step": 1000
    },
    {
      "epoch": 0.8421052631578947,
      "eval_entropy": 1.1769061135867285,
      "eval_logits/chosen": -2.9662316592398414,
      "eval_logits/rejected": -2.9758585274374747,
      "eval_logps/chosen": -324.35138448079425,
      "eval_logps/rejected": -347.70000542534723,
      "eval_loss": 0.7259071469306946,
      "eval_mean_token_accuracy": 0.47076393971367486,
      "eval_num_tokens": 1179065.0,
      "eval_rewards/accuracies": 0.6587301587301587,
      "eval_rewards/chosen": -7.417448303056141,